timestamp,PumpStatus
01-05-2021 12:40,Running
01-05-2021 13:36,Stopped
01-05-2021 13:47,Running
01-05-2021 13:48,Stopped
01-05-2021 17:07,Running
01-05-2021 17:09,Stopped
02-05-2021 16:35,Running
02-05-2021 16:37,Stopped
03-05-2021 02:40,Running
03-05-2021 03:54,Stopped
03-05-2021 03:56,Running
03-05-2021 08:23,Stopped
04-05-2021 21:24,Running
04-05-2021 21:31,Stopped
04-05-2021 21:31,Running
04-05-2021 21:33,Stopped
04-05-2021 21:35,Running
04-05-2021 21:47,Stopped
04-05-2021 21:47,Running
04-05-2021 21:48,Stopped
04-05-2021 21:56,Running
04-05-2021 22:41,Stopped
05-05-2021 11:10,Running
05-05-2021 11:12,Stopped
05-05-2021 12:31,Running
05-05-2021 13:01,Stopped
05-05-2021 13:04,Running
05-05-2021 13:04,Stopped
06-05-2021 01:24,Running
06-05-2021 01:25,Stopped
06-05-2021 06:06,Running
06-05-2021 06:33,Stopped
06-05-2021 11:32,Running
06-05-2021 11:41,Stopped
06-05-2021 12:07,Running
06-05-2021 12:16,Stopped
06-05-2021 12:21,Running
06-05-2021 21:21,Stopped
07-05-2021 14:16,Running
07-05-2021 19:11,Stopped
08-05-2021 14:14,Running
08-05-2021 23:22,Stopped
08-05-2021 23:59,Running
09-05-2021 08:10,Stopped
09-05-2021 12:12,Running
09-05-2021 12:58,Stopped
10-05-2021 01:52,Running
10-05-2021 07:57,Stopped
11-05-2021 06:44,Running
11-05-2021 08:10,Stopped
11-05-2021 11:31,Running
11-05-2021 21:24,Stopped
11-05-2021 21:35,Running
11-05-2021 21:38,Stopped
12-05-2021 17:57,Running
12-05-2021 17:58,Stopped
13-05-2021 11:02,Running
14-05-2021 06:49,Stopped
17-05-2021 11:36,Running
17-05-2021 12:11,Stopped
17-05-2021 12:26,Running
17-05-2021 12:46,Stopped
17-05-2021 13:18,Running
17-05-2021 21:21,Stopped
17-05-2021 21:27,Running
18-05-2021 00:46,Stopped
18-05-2021 02:39,Running
18-05-2021 03:14,Stopped
18-05-2021 06:07,Running
18-05-2021 06:41,Stopped
18-05-2021 11:20,Running
18-05-2021 16:05,Stopped
18-05-2021 16:11,Running
18-05-2021 21:14,Stopped
18-05-2021 21:49,Running
18-05-2021 22:24,Stopped
19-05-2021 11:56,Running
19-05-2021 12:14,Stopped
20-05-2021 11:19,Running
20-05-2021 12:54,Stopped
20-05-2021 13:18,Running
21-05-2021 03:13,Stopped
21-05-2021 03:56,Running
21-05-2021 06:29,Stopped
21-05-2021 12:10,Running
22-05-2021 03:57,Stopped
24-05-2021 11:41,Running
25-05-2021 07:51,Stopped
25-05-2021 12:12,Running
26-05-2021 16:03,Stopped
27-05-2021 11:19,Running
27-05-2021 13:16,Stopped
28-05-2021 12:22,Running
28-05-2021 13:59,Stopped
29-05-2021 10:56,Running
30-05-2021 12:21,Stopped
30-05-2021 12:32,Running
30-05-2021 15:28,Stopped
30-05-2021 23:43,Running
31-05-2021 13:47,Stopped
31-05-2021 13:47,Running
31-05-2021 13:47,Stopped
31-05-2021 21:32,Running
31-05-2021 23:21,Stopped
31-05-2021 23:32,Running
01-06-2021 02:17,Stopped
01-06-2021 04:17,Running
01-06-2021 07:22,Stopped
01-06-2021 12:02,Running
01-06-2021 15:57,Stopped
01-06-2021 16:03,Running
01-06-2021 16:22,Stopped
01-06-2021 16:30,Running
01-06-2021 19:47,Stopped
02-06-2021 09:58,Running
02-06-2021 10:00,Stopped
02-06-2021 12:13,Running
03-06-2021 07:55,Stopped
03-06-2021 12:27,Running
04-06-2021 10:22,Stopped
04-06-2021 12:16,Running
04-06-2021 13:39,Stopped
06-06-2021 20:07,Running
07-06-2021 01:02,Stopped
07-06-2021 01:05,Running
07-06-2021 01:06,Stopped
07-06-2021 01:16,Running
07-06-2021 09:23,Stopped
07-06-2021 19:58,Running
07-06-2021 19:59,Stopped
07-06-2021 20:06,Running
07-06-2021 20:08,Stopped
08-06-2021 06:04,Running
08-06-2021 06:06,Stopped
08-06-2021 06:07,Running
08-06-2021 06:32,Stopped
08-06-2021 06:33,Running
08-06-2021 06:47,Stopped
08-06-2021 07:43,Running
08-06-2021 08:52,Stopped
08-06-2021 14:34,Running
08-06-2021 14:52,Stopped
08-06-2021 17:58,Running
08-06-2021 18:00,Stopped
09-06-2021 06:06,Running
09-06-2021 06:19,Stopped
09-06-2021 07:34,Running
09-06-2021 08:50,Stopped
10-06-2021 06:22,Running
10-06-2021 06:25,Stopped
10-06-2021 06:27,Running
10-06-2021 06:28,Stopped
10-06-2021 11:21,Running
10-06-2021 17:38,Stopped
10-06-2021 22:25,Running
10-06-2021 22:26,Stopped
10-06-2021 22:27,Running
10-06-2021 22:32,Stopped
11-06-2021 12:21,Running
11-06-2021 15:05,Stopped
12-06-2021 11:35,Running
12-06-2021 11:36,Stopped
12-06-2021 23:42,Running
12-06-2021 23:53,Stopped
12-06-2021 23:55,Running
13-06-2021 07:00,Stopped
13-06-2021 12:09,Running
13-06-2021 12:10,Stopped
13-06-2021 22:04,Running
14-06-2021 06:33,Stopped
14-06-2021 06:53,Running
14-06-2021 07:14,Stopped
14-06-2021 09:30,Running
14-06-2021 10:25,Stopped
14-06-2021 12:16,Running
14-06-2021 12:44,Stopped
14-06-2021 15:47,Running
14-06-2021 15:48,Stopped
14-06-2021 15:52,Running
14-06-2021 15:53,Stopped
15-06-2021 13:23,Running
15-06-2021 13:35,Stopped
15-06-2021 22:59,Running
15-06-2021 23:14,Stopped
16-06-2021 00:36,Running
16-06-2021 00:48,Stopped
16-06-2021 03:11,Running
16-06-2021 03:26,Stopped
16-06-2021 04:55,Running
16-06-2021 05:08,Stopped
16-06-2021 05:33,Running
16-06-2021 05:51,Stopped
16-06-2021 07:39,Running
16-06-2021 07:52,Stopped
16-06-2021 11:18,Running
16-06-2021 19:36,Stopped
17-06-2021 02:30,Running
17-06-2021 02:53,Stopped
17-06-2021 04:26,Running
17-06-2021 05:36,Stopped
17-06-2021 06:16,Running
17-06-2021 06:45,Stopped
17-06-2021 07:10,Running
17-06-2021 07:25,Stopped
17-06-2021 10:44,Running
17-06-2021 16:03,Stopped
18-06-2021 11:16,Running
18-06-2021 18:47,Stopped
19-06-2021 07:20,Running
19-06-2021 07:21,Stopped
19-06-2021 11:31,Running
19-06-2021 11:52,Stopped
19-06-2021 12:16,Running
19-06-2021 13:01,Stopped
19-06-2021 13:04,Running
19-06-2021 14:12,Stopped
19-06-2021 14:17,Running
19-06-2021 15:11,Stopped
19-06-2021 15:28,Running
19-06-2021 16:05,Stopped
19-06-2021 16:12,Running
19-06-2021 16:32,Stopped
19-06-2021 16:37,Running
19-06-2021 17:01,Stopped
19-06-2021 17:13,Running
19-06-2021 17:39,Stopped
19-06-2021 17:44,Running
19-06-2021 19:23,Stopped
19-06-2021 19:37,Running
19-06-2021 20:03,Stopped
19-06-2021 20:29,Running
19-06-2021 20:49,Stopped
19-06-2021 20:58,Running
19-06-2021 21:26,Stopped
19-06-2021 22:23,Running
19-06-2021 22:48,Stopped
19-06-2021 23:10,Running
19-06-2021 23:31,Stopped
19-06-2021 23:52,Running
20-06-2021 00:21,Stopped
20-06-2021 04:29,Running
20-06-2021 04:46,Stopped
20-06-2021 05:48,Running
20-06-2021 05:51,Stopped
20-06-2021 12:14,Running
20-06-2021 15:03,Stopped
20-06-2021 15:29,Running
20-06-2021 16:14,Stopped
20-06-2021 16:15,Running
20-06-2021 16:27,Stopped
20-06-2021 16:39,Running
20-06-2021 17:31,Stopped
20-06-2021 17:53,Running
20-06-2021 19:27,Stopped
20-06-2021 19:33,Running
20-06-2021 19:47,Stopped
20-06-2021 19:48,Running
20-06-2021 20:28,Stopped
20-06-2021 20:36,Running
20-06-2021 21:15,Stopped
20-06-2021 21:47,Running
20-06-2021 22:00,Stopped
20-06-2021 22:18,Running
20-06-2021 22:54,Stopped
20-06-2021 23:10,Running
20-06-2021 23:56,Stopped
21-06-2021 00:20,Running
21-06-2021 00:35,Stopped
21-06-2021 00:37,Running
21-06-2021 01:12,Stopped
21-06-2021 01:25,Running
21-06-2021 01:39,Stopped
21-06-2021 02:00,Running
21-06-2021 02:15,Stopped
21-06-2021 02:29,Running
21-06-2021 02:43,Stopped
21-06-2021 03:58,Running
21-06-2021 04:09,Stopped
21-06-2021 04:12,Running
21-06-2021 04:52,Stopped
21-06-2021 04:59,Running
21-06-2021 05:15,Stopped
21-06-2021 05:26,Running
21-06-2021 06:51,Stopped
21-06-2021 06:56,Running
21-06-2021 07:38,Stopped
21-06-2021 09:26,Running
21-06-2021 09:58,Stopped
22-06-2021 14:01,Running
22-06-2021 14:15,Stopped
22-06-2021 17:38,Running
22-06-2021 17:53,Stopped
23-06-2021 06:30,Running
23-06-2021 06:36,Stopped
23-06-2021 06:37,Running
23-06-2021 06:48,Stopped
23-06-2021 11:17,Running
23-06-2021 12:11,Stopped
23-06-2021 12:30,Running
23-06-2021 12:45,Stopped
24-06-2021 11:24,Running
24-06-2021 19:52,Stopped
24-06-2021 21:08,Running
25-06-2021 06:11,Stopped
25-06-2021 12:02,Running
25-06-2021 13:38,Stopped
25-06-2021 13:43,Running
25-06-2021 14:32,Stopped
25-06-2021 21:34,Running
25-06-2021 21:35,Stopped
26-06-2021 07:21,Running
26-06-2021 07:35,Stopped
26-06-2021 09:13,Running
26-06-2021 10:12,Stopped
27-06-2021 05:48,Running
27-06-2021 08:53,Stopped
28-06-2021 12:16,Running
28-06-2021 13:45,Stopped
28-06-2021 14:06,Running
28-06-2021 14:30,Stopped
28-06-2021 14:32,Running
28-06-2021 15:32,Stopped
28-06-2021 15:47,Running
28-06-2021 17:08,Stopped
28-06-2021 17:22,Running
28-06-2021 18:56,Stopped
28-06-2021 18:57,Running
28-06-2021 19:22,Stopped
28-06-2021 19:38,Running
28-06-2021 20:07,Stopped
29-06-2021 11:39,Running
29-06-2021 12:02,Stopped
29-06-2021 12:12,Running
29-06-2021 16:46,Stopped
30-06-2021 13:18,Running
30-06-2021 13:32,Stopped
30-06-2021 14:49,Running
30-06-2021 14:50,Stopped
30-06-2021 15:15,Running
30-06-2021 15:50,Stopped
30-06-2021 15:51,Running
30-06-2021 17:01,Stopped
30-06-2021 17:09,Running
30-06-2021 17:51,Stopped
30-06-2021 18:06,Running
30-06-2021 18:41,Stopped
30-06-2021 18:47,Running
30-06-2021 19:05,Stopped
30-06-2021 19:07,Running
30-06-2021 19:24,Stopped
30-06-2021 19:36,Running
30-06-2021 20:07,Stopped
30-06-2021 20:16,Running
30-06-2021 20:36,Stopped
30-06-2021 21:30,Running
30-06-2021 21:55,Stopped
30-06-2021 22:07,Running
30-06-2021 22:26,Stopped
30-06-2021 22:55,Running
30-06-2021 23:13,Stopped
30-06-2021 23:36,Running
30-06-2021 23:49,Stopped
01-07-2021 00:31,Running
01-07-2021 00:49,Stopped
01-07-2021 00:55,Running
01-07-2021 01:08,Stopped
01-07-2021 11:55,Running
01-07-2021 14:20,Stopped
01-07-2021 15:03,Running
01-07-2021 15:36,Stopped
01-07-2021 15:44,Running
01-07-2021 16:41,Stopped
01-07-2021 16:45,Running
01-07-2021 18:21,Stopped
01-07-2021 18:34,Running
01-07-2021 19:46,Stopped
01-07-2021 19:52,Running
01-07-2021 20:52,Stopped
01-07-2021 21:06,Running
01-07-2021 21:52,Stopped
01-07-2021 22:04,Running
01-07-2021 23:09,Stopped
01-07-2021 23:31,Running
01-07-2021 23:53,Stopped
02-07-2021 00:20,Running
02-07-2021 00:21,Stopped
03-07-2021 16:23,Running
03-07-2021 16:35,Stopped
03-07-2021 19:01,Running
03-07-2021 19:13,Stopped
04-07-2021 05:46,Running
04-07-2021 05:47,Stopped
04-07-2021 11:29,Running
04-07-2021 11:30,Stopped
05-07-2021 12:25,Running
05-07-2021 12:46,Stopped
05-07-2021 13:07,Running
05-07-2021 13:18,Stopped
05-07-2021 18:08,Running
05-07-2021 18:23,Stopped
06-07-2021 06:29,Running
06-07-2021 06:32,Stopped
06-07-2021 12:26,Running
06-07-2021 13:39,Stopped
06-07-2021 13:45,Running
06-07-2021 13:58,Stopped
06-07-2021 14:08,Running
06-07-2021 14:34,Stopped
06-07-2021 14:47,Running
06-07-2021 15:35,Stopped
06-07-2021 15:40,Running
06-07-2021 15:59,Stopped
06-07-2021 16:07,Running
06-07-2021 17:18,Stopped
06-07-2021 17:34,Running
06-07-2021 20:02,Stopped
06-07-2021 20:10,Running
06-07-2021 20:49,Stopped
06-07-2021 20:57,Running
06-07-2021 21:39,Stopped
06-07-2021 22:27,Running
06-07-2021 23:43,Stopped
06-07-2021 23:45,Running
06-07-2021 23:58,Stopped
07-07-2021 00:14,Running
07-07-2021 00:25,Stopped
07-07-2021 00:28,Running
07-07-2021 00:48,Stopped
07-07-2021 01:58,Running
07-07-2021 02:16,Stopped
07-07-2021 02:49,Running
07-07-2021 03:03,Stopped
07-07-2021 04:19,Running
07-07-2021 04:37,Stopped
07-07-2021 06:07,Running
07-07-2021 06:35,Stopped
07-07-2021 07:10,Running
07-07-2021 07:25,Stopped
07-07-2021 08:01,Running
07-07-2021 08:06,Stopped
07-07-2021 10:13,Running
07-07-2021 11:01,Stopped
08-07-2021 11:11,Running
09-07-2021 07:17,Stopped
09-07-2021 11:19,Running
10-07-2021 05:56,Stopped
10-07-2021 12:05,Running
10-07-2021 12:56,Stopped
10-07-2021 13:19,Running
10-07-2021 13:48,Stopped
10-07-2021 14:10,Running
10-07-2021 15:00,Stopped
10-07-2021 15:12,Running
10-07-2021 15:55,Stopped
10-07-2021 16:02,Running
10-07-2021 16:47,Stopped
10-07-2021 16:57,Running
10-07-2021 17:15,Stopped
10-07-2021 18:04,Running
10-07-2021 18:17,Stopped
10-07-2021 18:22,Running
10-07-2021 18:41,Stopped
10-07-2021 18:43,Running
10-07-2021 20:06,Stopped
10-07-2021 20:12,Running
10-07-2021 20:53,Stopped
10-07-2021 21:01,Running
10-07-2021 21:26,Stopped
10-07-2021 22:06,Running
10-07-2021 22:29,Stopped
10-07-2021 22:39,Running
10-07-2021 22:51,Stopped
10-07-2021 23:06,Running
10-07-2021 23:20,Stopped
10-07-2021 23:57,Running
11-07-2021 06:40,Stopped
11-07-2021 12:18,Running
11-07-2021 13:18,Stopped
11-07-2021 13:22,Running
11-07-2021 14:02,Stopped
11-07-2021 14:08,Running
11-07-2021 14:26,Stopped
11-07-2021 14:27,Running
11-07-2021 15:40,Stopped
11-07-2021 16:02,Running
11-07-2021 16:18,Stopped
11-07-2021 16:24,Running
11-07-2021 16:41,Stopped
11-07-2021 16:44,Running
11-07-2021 17:25,Stopped
11-07-2021 17:37,Running
11-07-2021 18:30,Stopped
11-07-2021 18:32,Running
11-07-2021 20:26,Stopped
11-07-2021 21:29,Running
11-07-2021 21:45,Stopped
11-07-2021 21:50,Running
11-07-2021 22:09,Stopped
11-07-2021 22:27,Running
11-07-2021 22:46,Stopped
12-07-2021 00:18,Running
12-07-2021 01:09,Stopped
12-07-2021 01:18,Running
12-07-2021 01:44,Stopped
12-07-2021 02:02,Running
12-07-2021 02:18,Stopped
12-07-2021 02:21,Running
12-07-2021 02:34,Stopped
12-07-2021 03:07,Running
12-07-2021 03:19,Stopped
12-07-2021 04:45,Running
12-07-2021 05:12,Stopped
12-07-2021 06:01,Running
12-07-2021 06:28,Stopped
12-07-2021 06:40,Running
12-07-2021 07:02,Stopped
12-07-2021 07:24,Running
12-07-2021 07:43,Stopped
12-07-2021 09:49,Running
12-07-2021 16:04,Stopped
12-07-2021 18:48,Running
12-07-2021 19:03,Stopped
13-07-2021 07:00,Running
13-07-2021 07:07,Stopped
13-07-2021 09:18,Running
13-07-2021 15:10,Stopped
14-07-2021 12:17,Running
14-07-2021 13:40,Stopped
14-07-2021 14:02,Running
14-07-2021 14:25,Stopped
14-07-2021 14:30,Running
14-07-2021 14:44,Stopped
14-07-2021 14:47,Running
14-07-2021 15:05,Stopped
14-07-2021 15:09,Running
14-07-2021 15:24,Stopped
14-07-2021 15:27,Running
14-07-2021 15:37,Stopped
14-07-2021 16:13,Running
14-07-2021 16:14,Stopped
14-07-2021 17:02,Running
14-07-2021 17:05,Stopped
15-07-2021 09:26,Running
15-07-2021 09:57,Stopped
15-07-2021 14:53,Running
15-07-2021 14:54,Stopped
15-07-2021 14:55,Running
15-07-2021 14:57,Stopped
15-07-2021 15:16,Running
15-07-2021 15:19,Stopped
15-07-2021 15:40,Running
15-07-2021 15:43,Stopped
15-07-2021 16:35,Running
15-07-2021 16:40,Stopped
15-07-2021 17:32,Running
15-07-2021 17:33,Stopped
15-07-2021 19:50,Running
15-07-2021 20:42,Stopped
16-07-2021 05:55,Running
16-07-2021 05:57,Stopped
16-07-2021 05:59,Running
16-07-2021 06:37,Stopped
16-07-2021 12:28,Running
16-07-2021 12:30,Stopped
16-07-2021 15:18,Running
16-07-2021 15:33,Stopped
16-07-2021 17:52,Running
16-07-2021 17:55,Stopped
16-07-2021 20:06,Running
16-07-2021 20:29,Stopped
17-07-2021 13:02,Running
17-07-2021 13:15,Stopped
17-07-2021 13:27,Running
17-07-2021 14:55,Stopped
17-07-2021 14:56,Running
17-07-2021 15:32,Stopped
17-07-2021 15:39,Running
17-07-2021 16:00,Stopped
17-07-2021 16:03,Running
17-07-2021 16:57,Stopped
17-07-2021 17:13,Running
17-07-2021 17:50,Stopped
17-07-2021 17:56,Running
17-07-2021 19:26,Stopped
17-07-2021 19:35,Running
17-07-2021 20:01,Stopped
17-07-2021 20:19,Running
17-07-2021 20:37,Stopped
17-07-2021 20:49,Running
17-07-2021 21:17,Stopped
17-07-2021 22:17,Running
17-07-2021 22:38,Stopped
17-07-2021 22:54,Running
17-07-2021 23:19,Stopped
17-07-2021 23:50,Running
18-07-2021 00:21,Stopped
18-07-2021 03:12,Running
18-07-2021 03:28,Stopped
18-07-2021 03:52,Running
18-07-2021 04:09,Stopped
18-07-2021 04:31,Running
18-07-2021 04:49,Stopped
18-07-2021 04:51,Running
18-07-2021 05:05,Stopped
18-07-2021 05:48,Running
18-07-2021 05:50,Stopped
18-07-2021 12:16,Running
18-07-2021 13:32,Stopped
18-07-2021 13:44,Running
18-07-2021 14:04,Stopped
18-07-2021 14:18,Running
18-07-2021 14:42,Stopped
18-07-2021 14:51,Running
18-07-2021 15:27,Stopped
18-07-2021 15:54,Running
18-07-2021 16:29,Stopped
18-07-2021 16:32,Running
18-07-2021 17:22,Stopped
18-07-2021 17:45,Running
18-07-2021 18:16,Stopped
18-07-2021 18:32,Running
18-07-2021 18:50,Stopped
18-07-2021 19:11,Running
18-07-2021 19:29,Stopped
18-07-2021 19:30,Running
18-07-2021 19:44,Stopped
18-07-2021 21:12,Running
18-07-2021 21:28,Stopped
18-07-2021 21:33,Running
18-07-2021 21:57,Stopped
18-07-2021 23:42,Running
19-07-2021 03:11,Stopped
19-07-2021 11:23,Running
20-07-2021 08:46,Stopped
20-07-2021 15:03,Running
20-07-2021 15:15,Stopped
20-07-2021 18:07,Running
20-07-2021 18:21,Stopped
21-07-2021 11:24,Running
21-07-2021 17:27,Stopped
21-07-2021 17:47,Running
21-07-2021 19:04,Stopped
21-07-2021 19:25,Running
21-07-2021 19:49,Stopped
21-07-2021 19:50,Running
21-07-2021 19:54,Stopped
22-07-2021 12:13,Running
22-07-2021 12:31,Stopped
24-07-2021 12:09,Running
24-07-2021 12:53,Stopped
24-07-2021 13:17,Running
24-07-2021 13:28,Stopped
24-07-2021 13:39,Running
24-07-2021 14:33,Stopped
24-07-2021 14:57,Running
24-07-2021 15:47,Stopped
24-07-2021 15:53,Running
24-07-2021 16:12,Stopped
24-07-2021 16:35,Running
24-07-2021 16:59,Stopped
24-07-2021 17:35,Running
24-07-2021 18:24,Stopped
24-07-2021 18:38,Running
24-07-2021 19:13,Stopped
24-07-2021 19:48,Running
24-07-2021 20:03,Stopped
24-07-2021 20:08,Running
24-07-2021 20:44,Stopped
24-07-2021 21:19,Running
24-07-2021 21:45,Stopped
24-07-2021 23:07,Running
24-07-2021 23:34,Stopped
25-07-2021 00:47,Running
25-07-2021 00:59,Stopped
25-07-2021 04:00,Running
25-07-2021 04:21,Stopped
25-07-2021 05:00,Running
25-07-2021 05:20,Stopped
25-07-2021 06:19,Running
25-07-2021 06:43,Stopped
25-07-2021 06:45,Running
25-07-2021 06:46,Stopped
26-07-2021 04:32,Running
26-07-2021 09:22,Stopped
26-07-2021 10:55,Running
26-07-2021 15:26,Stopped
26-07-2021 16:14,Running
26-07-2021 16:38,Stopped
28-07-2021 02:06,Running
28-07-2021 02:20,Stopped
28-07-2021 03:43,Running
28-07-2021 04:27,Stopped
28-07-2021 04:39,Running
28-07-2021 04:54,Stopped
28-07-2021 05:48,Running
28-07-2021 06:17,Stopped
28-07-2021 11:19,Running
29-07-2021 08:13,Stopped
29-07-2021 12:42,Running
29-07-2021 12:57,Stopped
29-07-2021 13:48,Running
29-07-2021 18:23,Stopped
29-07-2021 18:25,Running
29-07-2021 19:21,Stopped
29-07-2021 19:33,Running
29-07-2021 20:17,Stopped
29-07-2021 20:18,Running
29-07-2021 20:48,Stopped
29-07-2021 20:52,Running
29-07-2021 21:26,Stopped
29-07-2021 21:32,Running
29-07-2021 21:53,Stopped
29-07-2021 22:13,Running
29-07-2021 23:12,Stopped
30-07-2021 00:26,Running
30-07-2021 00:43,Stopped
30-07-2021 00:45,Running
30-07-2021 01:00,Stopped
30-07-2021 01:59,Running
30-07-2021 02:13,Stopped
30-07-2021 04:25,Running
30-07-2021 04:59,Stopped
30-07-2021 05:27,Running
30-07-2021 06:36,Stopped
30-07-2021 06:50,Running
30-07-2021 07:12,Stopped
30-07-2021 09:22,Running
30-07-2021 09:37,Stopped
30-07-2021 12:00,Running
30-07-2021 12:28,Stopped
30-07-2021 12:35,Running
30-07-2021 13:36,Stopped
30-07-2021 13:38,Running
30-07-2021 13:56,Stopped
30-07-2021 13:57,Running
30-07-2021 14:20,Stopped
30-07-2021 14:45,Running
30-07-2021 15:10,Stopped
30-07-2021 15:15,Running
30-07-2021 15:34,Stopped
30-07-2021 15:40,Running
30-07-2021 15:42,Stopped
31-07-2021 11:26,Running
31-07-2021 11:54,Stopped
31-07-2021 12:32,Running
31-07-2021 12:57,Stopped
31-07-2021 13:46,Running
31-07-2021 14:30,Stopped
31-07-2021 14:48,Running
31-07-2021 15:16,Stopped
31-07-2021 15:18,Running
31-07-2021 15:32,Stopped
31-07-2021 15:53,Running
31-07-2021 16:18,Stopped
31-07-2021 17:46,Running
31-07-2021 18:08,Stopped
31-07-2021 18:18,Running
31-07-2021 18:44,Stopped
31-07-2021 18:49,Running
31-07-2021 19:13,Stopped
31-07-2021 20:32,Running
31-07-2021 20:59,Stopped
31-07-2021 21:12,Running
31-07-2021 21:26,Stopped
31-07-2021 23:07,Running
31-07-2021 23:23,Stopped
31-07-2021 23:40,Running
01-08-2021 00:02,Stopped
01-08-2021 02:31,Running
01-08-2021 03:00,Stopped
01-08-2021 03:47,Running
01-08-2021 04:04,Stopped
01-08-2021 04:19,Running
01-08-2021 04:33,Stopped
01-08-2021 04:58,Running
01-08-2021 05:12,Stopped
01-08-2021 06:05,Running
01-08-2021 06:37,Stopped
01-08-2021 10:48,Running
02-08-2021 08:57,Stopped
03-08-2021 12:12,Running
03-08-2021 13:09,Stopped
03-08-2021 13:27,Running
03-08-2021 13:40,Stopped
03-08-2021 13:52,Running
03-08-2021 14:09,Stopped
03-08-2021 14:21,Running
03-08-2021 14:49,Stopped
03-08-2021 14:53,Running
03-08-2021 15:11,Stopped
03-08-2021 15:31,Running
03-08-2021 15:47,Stopped
03-08-2021 15:50,Running
03-08-2021 16:59,Stopped
03-08-2021 17:33,Running
03-08-2021 17:49,Stopped
03-08-2021 17:56,Running
03-08-2021 18:36,Stopped
03-08-2021 19:28,Running
03-08-2021 19:55,Stopped
03-08-2021 20:36,Running
03-08-2021 21:00,Stopped
03-08-2021 21:28,Running
03-08-2021 21:58,Stopped
03-08-2021 23:29,Running
03-08-2021 23:42,Stopped
04-08-2021 00:01,Running
04-08-2021 00:20,Stopped
04-08-2021 00:26,Running
04-08-2021 00:44,Stopped
04-08-2021 01:59,Running
04-08-2021 02:35,Stopped
04-08-2021 04:12,Running
04-08-2021 04:35,Stopped
04-08-2021 04:56,Running
04-08-2021 05:13,Stopped
04-08-2021 05:38,Running
04-08-2021 05:57,Stopped
04-08-2021 09:18,Running
04-08-2021 10:02,Stopped
04-08-2021 22:10,Running
04-08-2021 22:11,Stopped
05-08-2021 10:51,Running
05-08-2021 14:02,Stopped
05-08-2021 15:32,Running
05-08-2021 15:40,Stopped
06-08-2021 01:02,Running
06-08-2021 01:17,Stopped
06-08-2021 07:06,Running
06-08-2021 07:09,Stopped
06-08-2021 16:18,Running
06-08-2021 16:31,Stopped
07-08-2021 11:33,Running
07-08-2021 11:48,Stopped
07-08-2021 12:29,Running
07-08-2021 12:58,Stopped
07-08-2021 13:55,Running
07-08-2021 14:39,Stopped
07-08-2021 15:00,Running
07-08-2021 15:45,Stopped
07-08-2021 16:07,Running
07-08-2021 16:28,Stopped
07-08-2021 16:33,Running
07-08-2021 16:47,Stopped
07-08-2021 16:48,Running
07-08-2021 17:07,Stopped
07-08-2021 17:21,Running
07-08-2021 17:37,Stopped
07-08-2021 17:51,Running
07-08-2021 18:14,Stopped
07-08-2021 18:20,Running
07-08-2021 19:18,Stopped
07-08-2021 19:26,Running
07-08-2021 19:49,Stopped
07-08-2021 20:13,Running
07-08-2021 20:26,Stopped
07-08-2021 20:27,Running
07-08-2021 20:48,Stopped
07-08-2021 21:33,Running
07-08-2021 21:47,Stopped
07-08-2021 22:07,Running
07-08-2021 22:27,Stopped
07-08-2021 22:43,Running
07-08-2021 23:00,Stopped
07-08-2021 23:09,Running
07-08-2021 23:28,Stopped
07-08-2021 23:41,Running
07-08-2021 23:53,Stopped
08-08-2021 01:16,Running
08-08-2021 01:34,Stopped
08-08-2021 02:23,Running
08-08-2021 02:38,Stopped
08-08-2021 03:36,Running
08-08-2021 03:50,Stopped
08-08-2021 04:35,Running
08-08-2021 04:59,Stopped
08-08-2021 06:03,Running
08-08-2021 06:23,Stopped
08-08-2021 11:43,Running
09-08-2021 09:00,Stopped
10-08-2021 12:18,Running
10-08-2021 13:19,Stopped
10-08-2021 13:21,Running
10-08-2021 13:43,Stopped
10-08-2021 13:51,Running
10-08-2021 15:18,Stopped
10-08-2021 15:24,Running
10-08-2021 15:38,Stopped
10-08-2021 15:50,Running
10-08-2021 16:45,Stopped
10-08-2021 17:17,Running
10-08-2021 17:31,Stopped
10-08-2021 17:36,Running
10-08-2021 18:58,Stopped
10-08-2021 18:59,Running
10-08-2021 19:09,Stopped
10-08-2021 19:39,Running
10-08-2021 20:50,Stopped
10-08-2021 20:57,Running
10-08-2021 21:13,Stopped
10-08-2021 21:42,Running
10-08-2021 21:58,Stopped
10-08-2021 23:15,Running
10-08-2021 23:48,Stopped
11-08-2021 02:18,Running
11-08-2021 02:33,Stopped
11-08-2021 02:59,Running
11-08-2021 03:28,Stopped
11-08-2021 04:45,Running
11-08-2021 04:57,Stopped
11-08-2021 05:43,Running
11-08-2021 06:00,Stopped
11-08-2021 06:53,Running
11-08-2021 06:54,Stopped
12-08-2021 12:08,Running
12-08-2021 13:06,Stopped
12-08-2021 13:15,Running
12-08-2021 13:30,Stopped
12-08-2021 13:34,Running
12-08-2021 14:31,Stopped
12-08-2021 15:00,Running
12-08-2021 15:41,Stopped
12-08-2021 15:46,Running
12-08-2021 16:07,Stopped
12-08-2021 16:08,Running
12-08-2021 16:54,Stopped
12-08-2021 17:11,Running
12-08-2021 17:34,Stopped
12-08-2021 17:41,Running
12-08-2021 18:51,Stopped
12-08-2021 19:08,Running
12-08-2021 19:24,Stopped
12-08-2021 19:28,Running
12-08-2021 20:14,Stopped
13-08-2021 06:40,Running
13-08-2021 07:01,Stopped
13-08-2021 07:10,Running
13-08-2021 07:28,Stopped
13-08-2021 11:28,Running
14-08-2021 08:51,Stopped
15-08-2021 12:21,Running
15-08-2021 13:16,Stopped
15-08-2021 13:32,Running
15-08-2021 14:03,Stopped
15-08-2021 14:56,Running
15-08-2021 15:24,Stopped
15-08-2021 15:29,Running
15-08-2021 16:03,Stopped
15-08-2021 16:20,Running
15-08-2021 17:02,Stopped
15-08-2021 17:05,Running
15-08-2021 17:19,Stopped
15-08-2021 17:29,Running
15-08-2021 17:45,Stopped
15-08-2021 17:55,Running
15-08-2021 19:02,Stopped
15-08-2021 19:03,Running
15-08-2021 19:31,Stopped
15-08-2021 19:44,Running
15-08-2021 20:10,Stopped
15-08-2021 20:17,Running
15-08-2021 20:44,Stopped
15-08-2021 20:51,Running
15-08-2021 21:40,Stopped
15-08-2021 22:30,Running
15-08-2021 23:44,Stopped
16-08-2021 00:18,Running
16-08-2021 00:35,Stopped
16-08-2021 00:37,Running
16-08-2021 01:03,Stopped
16-08-2021 04:14,Running
16-08-2021 04:34,Stopped
16-08-2021 04:52,Running
16-08-2021 05:24,Stopped
16-08-2021 06:01,Running
16-08-2021 06:18,Stopped
16-08-2021 06:30,Running
16-08-2021 06:52,Stopped
16-08-2021 07:01,Running
16-08-2021 07:16,Stopped
16-08-2021 07:28,Running
16-08-2021 07:29,Stopped
16-08-2021 12:30,Running
17-08-2021 08:56,Stopped
18-08-2021 11:19,Running
18-08-2021 15:52,Stopped
19-08-2021 12:07,Running
20-08-2021 07:04,Stopped
20-08-2021 09:17,Running
20-08-2021 10:07,Stopped
22-08-2021 06:38,Running
22-08-2021 06:56,Stopped
22-08-2021 12:18,Running
22-08-2021 14:46,Stopped
22-08-2021 14:53,Running
22-08-2021 16:07,Stopped
22-08-2021 16:16,Running
22-08-2021 16:38,Stopped
22-08-2021 16:47,Running
22-08-2021 18:41,Stopped
22-08-2021 18:50,Running
22-08-2021 19:20,Stopped
22-08-2021 19:26,Running
22-08-2021 20:32,Stopped
22-08-2021 20:39,Running
22-08-2021 21:04,Stopped
22-08-2021 21:06,Running
22-08-2021 21:34,Stopped
22-08-2021 21:36,Running
22-08-2021 22:03,Stopped
22-08-2021 22:17,Running
22-08-2021 22:35,Stopped
22-08-2021 22:45,Running
22-08-2021 23:25,Stopped
23-08-2021 00:30,Running
23-08-2021 01:05,Stopped
23-08-2021 01:29,Running
23-08-2021 01:49,Stopped
23-08-2021 03:06,Running
23-08-2021 03:23,Stopped
23-08-2021 03:48,Running
23-08-2021 04:03,Stopped
23-08-2021 04:28,Running
23-08-2021 04:48,Stopped
23-08-2021 04:54,Running
23-08-2021 05:26,Stopped
23-08-2021 06:15,Running
23-08-2021 06:30,Stopped
23-08-2021 11:14,Running
24-08-2021 09:08,Stopped
25-08-2021 09:52,Running
25-08-2021 11:58,Stopped
25-08-2021 12:38,Running
25-08-2021 13:14,Stopped
25-08-2021 13:18,Running
25-08-2021 14:25,Stopped
25-08-2021 14:29,Running
25-08-2021 15:09,Stopped
25-08-2021 15:33,Running
25-08-2021 15:56,Stopped
25-08-2021 16:17,Running
25-08-2021 16:43,Stopped
25-08-2021 16:48,Running
25-08-2021 17:20,Stopped
25-08-2021 17:29,Running
25-08-2021 18:45,Stopped
25-08-2021 18:58,Running
25-08-2021 19:46,Stopped
25-08-2021 20:00,Running
25-08-2021 20:29,Stopped
25-08-2021 21:06,Running
25-08-2021 21:27,Stopped
25-08-2021 21:50,Running
25-08-2021 22:01,Stopped
25-08-2021 22:07,Running
25-08-2021 22:22,Stopped
25-08-2021 22:39,Running
25-08-2021 23:32,Stopped
26-08-2021 00:46,Running
26-08-2021 01:00,Stopped
26-08-2021 01:23,Running
26-08-2021 01:34,Stopped
26-08-2021 01:49,Running
26-08-2021 02:01,Stopped
26-08-2021 03:29,Running
26-08-2021 03:44,Stopped
26-08-2021 03:59,Running
26-08-2021 04:16,Stopped
26-08-2021 04:38,Running
26-08-2021 04:54,Stopped
26-08-2021 06:03,Running
26-08-2021 06:54,Stopped
26-08-2021 11:26,Running
26-08-2021 12:09,Stopped
26-08-2021 14:20,Running
26-08-2021 14:32,Stopped
26-08-2021 20:02,Running
26-08-2021 20:10,Stopped
26-08-2021 22:21,Running
26-08-2021 22:44,Stopped
26-08-2021 22:50,Running
26-08-2021 23:44,Stopped
27-08-2021 00:12,Running
27-08-2021 00:29,Stopped
27-08-2021 00:44,Running
27-08-2021 01:04,Stopped
27-08-2021 01:36,Running
27-08-2021 02:04,Stopped
27-08-2021 02:12,Running
27-08-2021 02:25,Stopped
27-08-2021 02:48,Running
27-08-2021 03:00,Stopped
27-08-2021 03:21,Running
27-08-2021 03:33,Stopped
27-08-2021 03:58,Running
27-08-2021 05:07,Stopped
27-08-2021 05:21,Running
27-08-2021 05:33,Stopped
27-08-2021 05:43,Running
27-08-2021 06:06,Stopped
27-08-2021 06:24,Running
27-08-2021 06:51,Stopped
27-08-2021 11:15,Running
27-08-2021 19:26,Stopped
27-08-2021 19:29,Running
28-08-2021 08:34,Stopped
29-08-2021 04:17,Running
29-08-2021 04:30,Stopped
29-08-2021 04:40,Running
29-08-2021 05:06,Stopped
29-08-2021 05:14,Running
29-08-2021 05:28,Stopped
29-08-2021 05:37,Running
29-08-2021 05:48,Stopped
29-08-2021 05:58,Running
29-08-2021 06:13,Stopped
29-08-2021 06:22,Running
29-08-2021 06:48,Stopped
29-08-2021 11:16,Running
30-08-2021 09:03,Stopped
31-08-2021 11:35,Running
31-08-2021 14:50,Stopped
31-08-2021 15:15,Running
31-08-2021 15:21,Stopped
31-08-2021 15:35,Running
31-08-2021 15:46,Stopped
31-08-2021 16:19,Running
31-08-2021 16:35,Stopped
31-08-2021 16:45,Running
31-08-2021 16:57,Stopped
01-09-2021 12:08,Running
01-09-2021 12:17,Stopped
01-09-2021 12:19,Running
01-09-2021 12:38,Stopped
01-09-2021 18:10,Running
01-09-2021 18:22,Stopped
01-09-2021 23:09,Running
01-09-2021 23:26,Stopped
01-09-2021 23:27,Running
01-09-2021 23:50,Stopped
02-09-2021 00:22,Running
02-09-2021 00:40,Stopped
02-09-2021 02:12,Running
02-09-2021 06:17,Stopped
02-09-2021 11:23,Running
02-09-2021 11:50,Stopped
03-09-2021 06:15,Running
03-09-2021 06:31,Stopped
03-09-2021 06:33,Running
03-09-2021 06:55,Stopped
03-09-2021 07:06,Running
03-09-2021 09:01,Stopped
03-09-2021 13:47,Running
03-09-2021 14:02,Stopped
03-09-2021 18:03,Running
03-09-2021 18:18,Stopped
03-09-2021 22:55,Running
03-09-2021 23:08,Stopped
04-09-2021 11:41,Running
04-09-2021 12:01,Stopped
04-09-2021 12:11,Running
04-09-2021 12:22,Stopped
04-09-2021 12:35,Running
04-09-2021 13:06,Stopped
04-09-2021 13:19,Running
04-09-2021 14:31,Stopped
04-09-2021 14:42,Running
04-09-2021 14:54,Stopped
04-09-2021 15:00,Running
04-09-2021 15:56,Stopped
04-09-2021 16:09,Running
04-09-2021 16:27,Stopped
04-09-2021 16:39,Running
04-09-2021 17:18,Stopped
04-09-2021 17:32,Running
04-09-2021 18:46,Stopped
04-09-2021 18:53,Running
04-09-2021 19:16,Stopped
04-09-2021 19:32,Running
04-09-2021 20:10,Stopped
04-09-2021 21:26,Running
04-09-2021 21:47,Stopped
04-09-2021 21:50,Running
04-09-2021 22:05,Stopped
04-09-2021 23:16,Running
04-09-2021 23:32,Stopped
05-09-2021 00:16,Running
05-09-2021 00:31,Stopped
05-09-2021 03:03,Running
05-09-2021 03:15,Stopped
05-09-2021 03:26,Running
05-09-2021 03:42,Stopped
05-09-2021 04:30,Running
05-09-2021 04:46,Stopped
05-09-2021 04:59,Running
05-09-2021 05:14,Stopped
05-09-2021 05:28,Running
05-09-2021 05:42,Stopped
05-09-2021 06:29,Running
05-09-2021 09:23,Stopped
05-09-2021 20:42,Running
05-09-2021 20:53,Stopped
05-09-2021 21:37,Running
05-09-2021 21:48,Stopped
06-09-2021 07:02,Running
06-09-2021 07:12,Stopped
06-09-2021 08:52,Running
06-09-2021 09:23,Stopped
06-09-2021 12:10,Running
06-09-2021 12:42,Stopped
06-09-2021 12:44,Running
07-09-2021 08:09,Stopped
07-09-2021 12:06,Running
08-09-2021 08:24,Stopped
08-09-2021 11:23,Running
08-09-2021 15:09,Stopped
09-09-2021 11:19,Running
09-09-2021 14:53,Stopped
10-09-2021 12:08,Running
10-09-2021 13:47,Stopped
10-09-2021 14:00,Running
10-09-2021 14:11,Stopped
10-09-2021 14:14,Running
10-09-2021 14:25,Stopped
12-09-2021 12:25,Running
12-09-2021 12:40,Stopped
12-09-2021 13:16,Running
12-09-2021 13:27,Stopped
12-09-2021 14:59,Running
12-09-2021 15:11,Stopped
12-09-2021 18:29,Running
12-09-2021 18:44,Stopped
12-09-2021 19:25,Running
12-09-2021 21:32,Stopped
13-09-2021 12:17,Running
13-09-2021 12:40,Stopped
14-09-2021 12:09,Running
14-09-2021 12:25,Stopped
14-09-2021 12:26,Running
14-09-2021 12:50,Stopped
14-09-2021 12:58,Running
14-09-2021 13:56,Stopped
14-09-2021 14:11,Running
14-09-2021 15:01,Stopped
14-09-2021 15:05,Running
14-09-2021 17:23,Stopped
14-09-2021 17:25,Running
14-09-2021 19:05,Stopped
14-09-2021 19:11,Running
14-09-2021 19:28,Stopped
15-09-2021 11:20,Running
15-09-2021 12:44,Stopped
15-09-2021 12:45,Running
15-09-2021 12:46,Stopped
16-09-2021 12:21,Running
16-09-2021 15:44,Stopped
16-09-2021 15:45,Running
16-09-2021 17:05,Stopped
16-09-2021 17:06,Running
16-09-2021 17:44,Stopped
17-09-2021 12:25,Running
17-09-2021 12:36,Stopped
17-09-2021 12:56,Running
17-09-2021 13:16,Stopped
17-09-2021 14:19,Running
17-09-2021 14:22,Stopped
18-09-2021 12:07,Running
18-09-2021 12:11,Stopped
19-09-2021 13:05,Running
19-09-2021 13:28,Stopped
20-09-2021 12:13,Running
20-09-2021 14:10,Stopped
21-09-2021 06:18,Running
21-09-2021 08:20,Stopped
21-09-2021 14:12,Running
21-09-2021 14:23,Stopped
21-09-2021 18:16,Running
21-09-2021 18:30,Stopped
21-09-2021 22:50,Running
21-09-2021 23:03,Stopped
22-09-2021 12:08,Running
22-09-2021 13:03,Stopped
22-09-2021 13:08,Running
22-09-2021 13:54,Stopped
23-09-2021 12:28,Running
23-09-2021 12:49,Stopped
23-09-2021 13:32,Running
23-09-2021 13:46,Stopped
23-09-2021 14:40,Running
23-09-2021 14:43,Stopped
24-09-2021 05:47,Running
24-09-2021 05:50,Stopped
24-09-2021 12:05,Running
24-09-2021 13:46,Stopped
24-09-2021 13:47,Running
24-09-2021 14:00,Stopped
25-09-2021 06:16,Running
25-09-2021 08:44,Stopped
26-09-2021 12:37,Running
26-09-2021 12:48,Stopped
26-09-2021 13:15,Running
26-09-2021 13:32,Stopped
26-09-2021 19:17,Running
26-09-2021 19:29,Stopped
26-09-2021 20:14,Running
26-09-2021 20:27,Stopped
26-09-2021 22:26,Running
26-09-2021 22:37,Stopped
27-09-2021 00:27,Running
27-09-2021 00:47,Stopped
27-09-2021 12:07,Running
27-09-2021 14:54,Stopped
27-09-2021 18:08,Running
27-09-2021 18:19,Stopped
27-09-2021 19:44,Running
27-09-2021 19:57,Stopped
27-09-2021 20:01,Running
27-09-2021 20:16,Stopped
28-09-2021 12:05,Running
28-09-2021 12:27,Stopped
28-09-2021 12:32,Running
29-09-2021 06:48,Stopped
29-09-2021 06:57,Running
29-09-2021 07:07,Stopped
29-09-2021 11:28,Running
29-09-2021 14:23,Stopped
30-09-2021 15:48,Running
30-09-2021 19:49,Stopped
01-10-2021 12:21,Running
01-10-2021 12:36,Stopped
01-10-2021 12:51,Running
01-10-2021 13:07,Stopped
01-10-2021 13:15,Running
01-10-2021 14:12,Stopped
02-10-2021 07:22,Running
02-10-2021 07:43,Stopped
02-10-2021 11:24,Running
02-10-2021 14:09,Stopped
03-10-2021 06:40,Running
03-10-2021 06:44,Stopped
03-10-2021 06:53,Running
03-10-2021 06:55,Stopped
03-10-2021 06:59,Running
03-10-2021 08:34,Stopped
04-10-2021 12:07,Running
04-10-2021 12:10,Stopped
05-10-2021 13:17,Running
05-10-2021 14:01,Stopped
06-10-2021 05:57,Running
06-10-2021 08:42,Stopped
06-10-2021 11:16,Running
06-10-2021 11:42,Stopped
06-10-2021 12:10,Running
06-10-2021 12:48,Stopped
06-10-2021 12:58,Running
06-10-2021 13:25,Stopped
06-10-2021 13:28,Running
06-10-2021 14:07,Stopped
06-10-2021 14:27,Running
06-10-2021 15:01,Stopped
06-10-2021 15:19,Running
06-10-2021 15:39,Stopped
06-10-2021 15:54,Running
06-10-2021 16:06,Stopped
06-10-2021 16:10,Running
06-10-2021 17:18,Stopped
06-10-2021 17:31,Running
06-10-2021 21:52,Stopped
06-10-2021 21:59,Running
06-10-2021 22:53,Stopped
06-10-2021 22:54,Running
06-10-2021 23:48,Stopped
07-10-2021 00:05,Running
07-10-2021 00:42,Stopped
07-10-2021 00:48,Running
07-10-2021 01:05,Stopped
07-10-2021 01:15,Running
07-10-2021 01:32,Stopped
07-10-2021 01:50,Running
07-10-2021 02:00,Stopped
07-10-2021 02:01,Running
07-10-2021 02:25,Stopped
07-10-2021 03:43,Running
07-10-2021 04:12,Stopped
07-10-2021 04:32,Running
07-10-2021 04:44,Stopped
07-10-2021 05:22,Running
07-10-2021 05:38,Stopped
07-10-2021 06:06,Running
07-10-2021 07:07,Stopped
07-10-2021 12:23,Running
07-10-2021 12:55,Stopped
08-10-2021 12:07,Running
08-10-2021 12:11,Stopped
08-10-2021 12:23,Running
08-10-2021 13:45,Stopped
08-10-2021 13:55,Running
08-10-2021 14:09,Stopped
11-10-2021 12:15,Running
11-10-2021 13:00,Stopped
11-10-2021 13:12,Running
11-10-2021 14:32,Stopped
15-10-2021 22:43,Running
16-10-2021 01:06,Stopped
16-10-2021 01:07,Running
16-10-2021 01:26,Stopped
16-10-2021 01:51,Running
16-10-2021 02:02,Stopped
16-10-2021 02:07,Running
16-10-2021 02:22,Stopped
16-10-2021 02:23,Running
16-10-2021 02:50,Stopped
16-10-2021 03:00,Running
16-10-2021 03:11,Stopped
16-10-2021 03:38,Running
16-10-2021 04:26,Stopped
16-10-2021 04:38,Running
16-10-2021 04:55,Stopped
16-10-2021 05:17,Running
16-10-2021 05:28,Stopped
16-10-2021 05:38,Running
16-10-2021 05:52,Stopped
16-10-2021 12:08,Running
16-10-2021 12:43,Stopped
16-10-2021 12:46,Running
16-10-2021 13:10,Stopped
18-10-2021 04:38,Running
18-10-2021 04:39,Stopped
18-10-2021 12:41,Running
18-10-2021 15:23,Stopped
19-10-2021 12:51,Running
19-10-2021 13:05,Stopped
19-10-2021 18:27,Running
19-10-2021 18:50,Stopped
19-10-2021 19:56,Running
19-10-2021 20:07,Stopped
20-10-2021 00:22,Running
20-10-2021 00:33,Stopped
20-10-2021 00:37,Running
20-10-2021 01:00,Stopped
20-10-2021 01:02,Running
20-10-2021 01:21,Stopped
20-10-2021 01:46,Running
20-10-2021 01:57,Stopped
20-10-2021 02:52,Running
20-10-2021 03:09,Stopped
20-10-2021 03:31,Running
20-10-2021 04:09,Stopped
20-10-2021 04:12,Running
20-10-2021 04:29,Stopped
20-10-2021 04:52,Running
20-10-2021 05:09,Stopped
20-10-2021 05:44,Running
20-10-2021 05:57,Stopped
20-10-2021 12:32,Running
20-10-2021 12:38,Stopped
21-10-2021 11:59,Running
21-10-2021 15:47,Stopped
22-10-2021 06:10,Running
22-10-2021 08:25,Stopped
23-10-2021 00:48,Running
23-10-2021 00:59,Stopped
23-10-2021 12:08,Running
23-10-2021 12:52,Stopped
25-10-2021 06:58,Running
25-10-2021 06:58,Stopped
25-10-2021 06:58,Running
25-10-2021 06:58,Stopped
25-10-2021 06:58,Running
25-10-2021 07:57,Stopped
25-10-2021 07:57,Running
25-10-2021 07:58,Stopped
25-10-2021 08:08,Running
25-10-2021 08:19,Stopped
25-10-2021 11:09,Running
25-10-2021 15:19,Stopped
27-10-2021 20:21,Running
27-10-2021 20:39,Stopped
28-10-2021 00:08,Running
28-10-2021 05:26,Stopped
28-10-2021 05:27,Running
28-10-2021 05:52,Stopped
28-10-2021 06:16,Running
28-10-2021 06:33,Stopped
28-10-2021 07:04,Running
28-10-2021 07:12,Stopped
28-10-2021 13:40,Running
28-10-2021 13:55,Stopped
28-10-2021 14:00,Running
28-10-2021 14:09,Stopped
29-10-2021 06:42,Running
29-10-2021 06:46,Stopped
29-10-2021 12:22,Running
29-10-2021 12:37,Stopped
31-10-2021 05:49,Running
31-10-2021 09:00,Stopped
31-10-2021 12:49,Running
31-10-2021 12:57,Stopped
01-11-2021 12:07,Running
01-11-2021 12:09,Stopped
01-11-2021 12:11,Running
01-11-2021 13:14,Stopped
01-11-2021 13:31,Running
01-11-2021 13:55,Stopped
02-11-2021 05:19,Running
02-11-2021 05:33,Stopped
02-11-2021 05:40,Running
02-11-2021 06:01,Stopped
02-11-2021 06:15,Running
02-11-2021 12:08,Stopped
03-11-2021 12:14,Running
03-11-2021 12:21,Stopped
03-11-2021 14:42,Running
03-11-2021 14:53,Stopped
03-11-2021 19:37,Running
03-11-2021 19:53,Stopped
04-11-2021 11:25,Running
04-11-2021 11:44,Stopped
04-11-2021 12:04,Running
04-11-2021 13:51,Stopped
04-11-2021 13:52,Running
04-11-2021 14:03,Stopped
04-11-2021 14:06,Running
04-11-2021 15:27,Stopped
04-11-2021 15:37,Running
04-11-2021 15:59,Stopped
04-11-2021 16:26,Running
04-11-2021 17:27,Stopped
04-11-2021 17:32,Running
04-11-2021 19:10,Stopped
04-11-2021 19:21,Running
04-11-2021 21:32,Stopped
04-11-2021 21:44,Running
04-11-2021 22:17,Stopped
04-11-2021 22:44,Running
04-11-2021 23:22,Stopped
04-11-2021 23:41,Running
05-11-2021 00:20,Stopped
05-11-2021 00:44,Running
05-11-2021 01:02,Stopped
05-11-2021 01:05,Running
05-11-2021 01:22,Stopped
05-11-2021 01:26,Running
05-11-2021 01:41,Stopped
05-11-2021 02:17,Running
05-11-2021 02:38,Stopped
05-11-2021 02:48,Running
05-11-2021 03:13,Stopped
05-11-2021 04:25,Running
05-11-2021 04:43,Stopped
05-11-2021 04:44,Running
05-11-2021 05:32,Stopped
05-11-2021 05:36,Running
05-11-2021 06:06,Stopped
05-11-2021 06:16,Running
05-11-2021 06:53,Stopped
05-11-2021 07:23,Running
05-11-2021 07:39,Stopped
05-11-2021 11:24,Running
06-11-2021 08:24,Stopped
07-11-2021 23:08,Running
07-11-2021 23:13,Stopped
08-11-2021 13:04,Running
08-11-2021 13:12,Stopped
08-11-2021 13:21,Running
08-11-2021 13:40,Stopped
08-11-2021 19:05,Running
08-11-2021 19:06,Stopped
09-11-2021 13:01,Running
09-11-2021 13:18,Stopped
09-11-2021 13:19,Running
09-11-2021 14:23,Stopped
09-11-2021 15:03,Running
09-11-2021 15:31,Stopped
09-11-2021 15:41,Running
09-11-2021 16:22,Stopped
09-11-2021 16:38,Running
09-11-2021 16:57,Stopped
09-11-2021 17:12,Running
09-11-2021 19:48,Stopped
09-11-2021 19:56,Running
09-11-2021 20:22,Stopped
09-11-2021 20:28,Running
09-11-2021 21:45,Stopped
09-11-2021 22:11,Running
09-11-2021 22:32,Stopped
09-11-2021 22:33,Running
09-11-2021 23:14,Stopped
09-11-2021 23:18,Running
09-11-2021 23:51,Stopped
09-11-2021 23:52,Running
10-11-2021 00:35,Stopped
10-11-2021 02:12,Running
10-11-2021 02:23,Stopped
10-11-2021 02:41,Running
10-11-2021 02:59,Stopped
10-11-2021 03:11,Running
10-11-2021 03:25,Stopped
10-11-2021 03:31,Running
10-11-2021 03:42,Stopped
10-11-2021 04:37,Running
10-11-2021 04:53,Stopped
10-11-2021 06:17,Running
10-11-2021 06:35,Stopped
10-11-2021 06:53,Running
10-11-2021 07:21,Stopped
10-11-2021 08:28,Running
10-11-2021 08:38,Stopped
10-11-2021 12:06,Running
10-11-2021 15:20,Stopped
10-11-2021 15:38,Running
10-11-2021 15:57,Stopped
10-11-2021 17:26,Running
10-11-2021 17:42,Stopped
10-11-2021 20:03,Running
10-11-2021 20:14,Stopped
10-11-2021 20:29,Running
10-11-2021 20:48,Stopped
11-11-2021 12:40,Running
11-11-2021 12:50,Stopped
11-11-2021 13:02,Running
11-11-2021 13:54,Stopped
11-11-2021 19:12,Running
11-11-2021 19:26,Stopped
11-11-2021 19:43,Running
11-11-2021 19:54,Stopped
11-11-2021 23:53,Running
12-11-2021 00:08,Stopped
12-11-2021 00:29,Running
12-11-2021 00:42,Stopped
12-11-2021 12:32,Running
12-11-2021 21:24,Stopped
12-11-2021 23:46,Running
12-11-2021 23:57,Stopped
13-11-2021 00:01,Running
13-11-2021 00:15,Stopped
13-11-2021 07:42,Running
13-11-2021 08:06,Stopped
13-11-2021 08:26,Running
13-11-2021 08:37,Stopped
13-11-2021 12:13,Running
14-11-2021 09:51,Stopped
15-11-2021 07:55,Running
15-11-2021 08:00,Stopped
15-11-2021 13:11,Running
15-11-2021 14:53,Stopped
15-11-2021 15:21,Running
15-11-2021 15:55,Stopped
15-11-2021 16:00,Running
15-11-2021 16:11,Stopped
15-11-2021 16:39,Running
15-11-2021 20:09,Stopped
15-11-2021 20:20,Running
15-11-2021 21:16,Stopped
15-11-2021 21:27,Running
15-11-2021 22:40,Stopped
15-11-2021 22:47,Running
16-11-2021 01:16,Stopped
16-11-2021 01:17,Running
16-11-2021 01:45,Stopped
16-11-2021 02:03,Running
16-11-2021 02:16,Stopped
16-11-2021 02:21,Running
16-11-2021 02:52,Stopped
16-11-2021 04:13,Running
16-11-2021 04:40,Stopped
16-11-2021 04:41,Running
16-11-2021 04:56,Stopped
16-11-2021 04:58,Running
16-11-2021 05:14,Stopped
16-11-2021 06:02,Running
16-11-2021 06:40,Stopped
16-11-2021 06:44,Running
16-11-2021 07:32,Stopped
16-11-2021 07:40,Running
16-11-2021 09:18,Stopped
17-11-2021 13:01,Running
17-11-2021 14:00,Stopped
17-11-2021 14:05,Running
17-11-2021 14:16,Stopped
17-11-2021 15:07,Running
17-11-2021 15:28,Stopped
17-11-2021 15:36,Running
17-11-2021 16:03,Stopped
17-11-2021 16:21,Running
17-11-2021 16:32,Stopped
17-11-2021 17:16,Running
17-11-2021 17:29,Stopped
18-11-2021 07:26,Running
18-11-2021 07:29,Stopped
18-11-2021 21:11,Running
18-11-2021 21:22,Stopped
19-11-2021 02:03,Running
19-11-2021 02:14,Stopped
19-11-2021 04:56,Running
19-11-2021 05:07,Stopped
19-11-2021 11:04,Running
19-11-2021 20:32,Stopped
19-11-2021 21:18,Running
19-11-2021 21:30,Stopped
20-11-2021 06:00,Running
20-11-2021 06:11,Stopped
20-11-2021 10:51,Running
20-11-2021 11:33,Stopped
21-11-2021 13:06,Running
21-11-2021 13:54,Stopped
21-11-2021 14:12,Running
21-11-2021 14:50,Stopped
21-11-2021 14:58,Running
21-11-2021 15:57,Stopped
21-11-2021 16:22,Running
21-11-2021 16:55,Stopped
21-11-2021 17:05,Running
21-11-2021 17:24,Stopped
21-11-2021 17:26,Running
21-11-2021 17:33,Stopped
22-11-2021 12:24,Running
23-11-2021 10:11,Stopped
24-11-2021 12:56,Running
24-11-2021 13:04,Stopped
24-11-2021 15:48,Running
24-11-2021 16:00,Stopped
25-11-2021 12:28,Running
25-11-2021 12:29,Stopped
26-11-2021 07:33,Running
26-11-2021 07:44,Stopped
26-11-2021 07:55,Running
26-11-2021 08:26,Stopped
27-11-2021 14:11,Running
27-11-2021 14:15,Stopped
29-11-2021 07:47,Running
29-11-2021 09:52,Stopped
29-11-2021 20:35,Running
29-11-2021 20:47,Stopped
29-11-2021 21:56,Running
29-11-2021 22:12,Stopped
29-11-2021 23:45,Running
30-11-2021 00:02,Stopped
30-11-2021 13:03,Running
30-11-2021 14:12,Stopped
30-11-2021 14:33,Running
30-11-2021 14:45,Stopped
30-11-2021 14:49,Running
30-11-2021 15:00,Stopped
30-11-2021 15:09,Running
30-11-2021 15:46,Stopped
30-11-2021 15:48,Running
30-11-2021 15:59,Stopped
30-11-2021 16:17,Running
30-11-2021 16:34,Stopped
30-11-2021 17:07,Running
30-11-2021 17:51,Stopped
30-11-2021 17:59,Running
30-11-2021 18:40,Stopped
30-11-2021 18:41,Running
30-11-2021 19:57,Stopped
30-11-2021 20:07,Running
30-11-2021 21:32,Stopped
30-11-2021 21:44,Running
30-11-2021 21:58,Stopped
30-11-2021 22:17,Running
30-11-2021 22:47,Stopped
30-11-2021 22:57,Running
30-11-2021 23:10,Stopped
30-11-2021 23:22,Running
30-11-2021 23:45,Stopped
30-11-2021 23:49,Running
01-12-2021 00:02,Stopped
01-12-2021 00:05,Running
01-12-2021 00:34,Stopped
01-12-2021 00:35,Running
01-12-2021 00:47,Stopped
01-12-2021 01:32,Running
01-12-2021 02:20,Stopped
01-12-2021 02:48,Running
01-12-2021 03:03,Stopped
01-12-2021 03:07,Running
01-12-2021 03:17,Stopped
01-12-2021 03:33,Running
01-12-2021 04:02,Stopped
01-12-2021 04:09,Running
01-12-2021 04:24,Stopped
01-12-2021 04:56,Running
01-12-2021 05:15,Stopped
01-12-2021 05:53,Running
01-12-2021 06:15,Stopped
01-12-2021 06:19,Running
01-12-2021 06:31,Stopped
01-12-2021 06:40,Running
01-12-2021 07:16,Stopped
01-12-2021 09:09,Running
01-12-2021 09:14,Stopped
01-12-2021 13:25,Running
01-12-2021 13:42,Stopped
01-12-2021 14:25,Running
01-12-2021 14:36,Stopped
01-12-2021 14:59,Running
01-12-2021 15:14,Stopped
01-12-2021 15:34,Running
01-12-2021 15:49,Stopped
01-12-2021 15:52,Running
01-12-2021 16:49,Stopped
01-12-2021 16:50,Running
01-12-2021 20:02,Stopped
01-12-2021 20:17,Running
01-12-2021 21:16,Stopped
01-12-2021 21:21,Running
01-12-2021 21:38,Stopped
01-12-2021 21:39,Running
01-12-2021 21:55,Stopped
01-12-2021 22:23,Running
01-12-2021 22:48,Stopped
01-12-2021 22:49,Running
02-12-2021 00:39,Stopped
02-12-2021 00:55,Running
02-12-2021 01:11,Stopped
02-12-2021 01:20,Running
02-12-2021 02:37,Stopped
02-12-2021 03:08,Running
02-12-2021 03:21,Stopped
02-12-2021 04:27,Running
02-12-2021 04:41,Stopped
02-12-2021 04:53,Running
02-12-2021 05:07,Stopped
02-12-2021 06:55,Running
02-12-2021 07:06,Stopped
02-12-2021 07:15,Running
02-12-2021 07:19,Stopped
02-12-2021 21:19,Running
02-12-2021 21:26,Stopped
03-12-2021 13:27,Running
03-12-2021 15:25,Stopped
03-12-2021 15:34,Running
03-12-2021 15:35,Stopped
03-12-2021 17:34,Running
03-12-2021 17:47,Stopped
03-12-2021 18:05,Running
03-12-2021 18:25,Stopped
03-12-2021 18:50,Running
03-12-2021 19:06,Stopped
04-12-2021 00:18,Running
04-12-2021 00:29,Stopped
04-12-2021 06:54,Running
04-12-2021 07:36,Stopped
05-12-2021 07:10,Running
05-12-2021 07:31,Stopped
05-12-2021 13:17,Running
05-12-2021 16:27,Stopped
05-12-2021 16:40,Running
05-12-2021 17:34,Stopped
05-12-2021 17:41,Running
05-12-2021 17:57,Stopped
05-12-2021 17:59,Running
05-12-2021 18:27,Stopped
05-12-2021 18:30,Running
05-12-2021 19:40,Stopped
05-12-2021 19:42,Running
05-12-2021 20:23,Stopped
05-12-2021 20:27,Running
05-12-2021 23:39,Stopped
05-12-2021 23:45,Running
06-12-2021 01:42,Stopped
06-12-2021 01:44,Running
06-12-2021 02:05,Stopped
06-12-2021 02:10,Running
06-12-2021 02:22,Stopped
06-12-2021 02:31,Running
06-12-2021 02:58,Stopped
06-12-2021 04:13,Running
06-12-2021 04:56,Stopped
06-12-2021 05:32,Running
06-12-2021 05:48,Stopped
06-12-2021 06:10,Running
06-12-2021 06:36,Stopped
06-12-2021 06:48,Running
06-12-2021 07:56,Stopped
06-12-2021 08:27,Running
06-12-2021 08:44,Stopped
06-12-2021 12:03,Running
07-12-2021 07:43,Stopped
08-12-2021 07:21,Running
08-12-2021 07:29,Stopped
08-12-2021 08:01,Running
08-12-2021 09:02,Stopped
08-12-2021 13:54,Running
08-12-2021 16:08,Stopped
09-12-2021 07:23,Running
09-12-2021 07:40,Stopped
09-12-2021 07:59,Running
09-12-2021 09:15,Stopped
10-12-2021 07:39,Running
10-12-2021 08:12,Stopped
10-12-2021 08:28,Running
10-12-2021 08:39,Stopped
10-12-2021 12:25,Running
10-12-2021 16:59,Stopped
10-12-2021 18:03,Running
10-12-2021 18:04,Stopped
11-12-2021 07:14,Running
11-12-2021 07:26,Stopped
11-12-2021 08:18,Running
11-12-2021 09:22,Stopped
11-12-2021 13:38,Running
11-12-2021 13:51,Stopped
11-12-2021 14:10,Running
11-12-2021 14:36,Stopped
11-12-2021 14:38,Running
11-12-2021 14:51,Stopped
11-12-2021 17:07,Running
11-12-2021 18:15,Stopped
11-12-2021 18:16,Running
11-12-2021 19:01,Stopped
11-12-2021 19:07,Running
11-12-2021 19:22,Stopped
11-12-2021 19:28,Running
11-12-2021 20:01,Stopped
11-12-2021 20:10,Running
11-12-2021 20:59,Stopped
11-12-2021 21:00,Running
11-12-2021 21:37,Stopped
11-12-2021 22:18,Running
11-12-2021 23:37,Stopped
11-12-2021 23:54,Running
12-12-2021 00:31,Stopped
12-12-2021 00:32,Running
12-12-2021 00:44,Stopped
12-12-2021 01:13,Running
12-12-2021 01:25,Stopped
12-12-2021 01:30,Running
12-12-2021 01:42,Stopped
12-12-2021 01:45,Running
12-12-2021 07:51,Stopped
12-12-2021 08:08,Running
12-12-2021 08:19,Stopped
12-12-2021 12:19,Running
13-12-2021 09:46,Stopped
13-12-2021 12:38,Running
13-12-2021 21:46,Stopped
14-12-2021 12:15,Running
14-12-2021 12:17,Stopped
16-12-2021 06:38,Running
16-12-2021 06:50,Stopped
16-12-2021 07:38,Running
16-12-2021 07:59,Stopped
16-12-2021 09:35,Running
16-12-2021 12:03,Stopped
16-12-2021 13:59,Running
16-12-2021 23:43,Stopped
17-12-2021 12:05,Running
17-12-2021 14:21,Stopped
17-12-2021 14:30,Running
17-12-2021 15:18,Stopped
17-12-2021 15:23,Running
17-12-2021 16:42,Stopped
17-12-2021 16:50,Running
17-12-2021 16:54,Stopped
18-12-2021 11:58,Running
18-12-2021 14:35,Stopped
19-12-2021 08:22,Running
19-12-2021 08:32,Stopped
19-12-2021 13:06,Running
20-12-2021 04:22,Stopped
20-12-2021 05:22,Running
20-12-2021 06:19,Stopped
20-12-2021 06:37,Running
22-12-2021 22:39,Stopped
23-12-2021 08:42,Running
23-12-2021 08:54,Stopped
23-12-2021 12:22,Running
23-12-2021 13:19,Stopped
23-12-2021 14:11,Running
23-12-2021 14:24,Stopped
24-12-2021 07:41,Running
24-12-2021 07:52,Stopped
27-12-2021 13:25,Running
27-12-2021 13:36,Stopped
27-12-2021 19:29,Running
27-12-2021 19:40,Stopped
27-12-2021 20:32,Running
27-12-2021 20:33,Stopped
28-12-2021 00:34,Running
28-12-2021 00:45,Stopped
29-12-2021 07:42,Running
29-12-2021 07:56,Stopped
29-12-2021 08:14,Running
29-12-2021 10:06,Stopped
31-12-2021 02:15,Running
31-12-2021 03:40,Stopped
31-12-2021 03:43,Running
31-12-2021 04:12,Stopped
31-12-2021 04:16,Running
31-12-2021 05:29,Stopped
